{
    "lattice": [3.477,  6.249,  14.017],
  "W": [
    [
      0,
      0.60062,
      0.5
    ],
    [
      0,
      0.0398,
      0.01522
    ]
  ],
  "Te": [
    [
      0,
      0.85761,
      0.65525
    ],
    [
      0,
      0.64631,
      0.11112
    ],
    [
      0,
      0.29845,
      0.85983
    ],
    [
      0,
      0.20722,
      0.40387
    ]
  ]
}
